invoice_id,customer_id,subscription_id,invoice_month,actual_amount_eur
INV-00001,CUST-005,SUB-0005,2023-01-01,679.15
INV-00002,CUST-005,SUB-0005,2023-02-01,799.0
INV-00003,CUST-005,SUB-0005,2023-03-01,799.0
INV-00004,CUST-005,SUB-0005,2023-06-01,399.5
INV-00005,CUST-005,SUB-0005,2023-07-01,799.0
INV-00006,CUST-005,SUB-0005,2023-08-01,719.1
INV-00007,CUST-005,SUB-0005,2023-09-01,799.0
INV-00008,CUST-005,SUB-0005,2023-10-01,799.0
INV-00009,CUST-005,SUB-0005,2023-11-01,799.0
INV-00010,CUST-005,SUB-0005,2023-12-01,799.0
INV-00011,CUST-005,SUB-0005,2024-01-01,719.1
INV-00012,CUST-005,SUB-0005,2024-02-01,799.0
INV-00013,CUST-005,SUB-0005,2024-03-01,799.0
INV-00014,CUST-005,SUB-0005,2024-04-01,799.0
INV-00015,CUST-005,SUB-0005,2024-05-01,679.15
INV-00016,CUST-005,SUB-0005,2024-06-01,719.1
INV-00017,CUST-005,SUB-0005,2024-07-01,719.1
INV-00018,CUST-005,SUB-0005,2024-08-01,799.0
INV-00019,CUST-005,SUB-0005,2024-09-01,679.15
INV-00020,CUST-005,SUB-0005,2024-10-01,799.0
INV-00021,CUST-005,SUB-0005,2024-11-01,799.0
INV-00022,CUST-005,SUB-0005,2025-01-01,799.0
INV-00023,CUST-004,SUB-0004,2023-10-01,149.5
INV-00024,CUST-004,SUB-0004,2023-11-01,299.0
INV-00025,CUST-004,SUB-0004,2023-12-01,269.1
INV-00026,CUST-004,SUB-0004,2024-01-01,299.0
INV-00027,CUST-004,SUB-0004,2024-02-01,149.5
INV-00028,CUST-004,SUB-0004,2024-03-01,269.1
INV-00029,CUST-004,SUB-0004,2024-04-01,299.0
INV-00030,CUST-004,SUB-0004,2024-05-01,299.0
INV-00031,CUST-004,SUB-0004,2024-06-01,299.0
INV-00032,CUST-004,SUB-0004,2024-07-01,254.15
INV-00033,CUST-004,SUB-0004,2024-08-01,269.1
INV-00034,CUST-024,SUB-0029,2023-09-01,254.15
INV-00035,CUST-024,SUB-0029,2023-10-01,269.1
INV-00036,CUST-024,SUB-0029,2023-11-01,269.1
INV-00037,CUST-024,SUB-0029,2023-12-01,149.5
INV-00038,CUST-024,SUB-0029,2024-01-01,254.15
INV-00039,CUST-024,SUB-0029,2024-02-01,269.1
INV-00040,CUST-024,SUB-0029,2024-03-01,299.0
INV-00041,CUST-024,SUB-0029,2024-04-01,299.0
INV-00042,CUST-024,SUB-0029,2024-05-01,299.0
INV-00043,CUST-024,SUB-0029,2024-06-01,269.1
INV-00044,CUST-024,SUB-0029,2024-07-01,269.1
INV-00045,CUST-024,SUB-0029,2024-08-01,269.1
INV-00046,CUST-024,SUB-0029,2024-10-01,149.5
INV-00047,CUST-024,SUB-0029,2024-11-01,299.0
INV-00048,CUST-024,SUB-0029,2024-12-01,149.5
INV-00049,CUST-024,SUB-0029,2025-01-01,254.15
INV-00050,CUST-023,SUB-0026,2023-02-01,89.1
INV-00051,CUST-023,SUB-0026,2023-03-01,99.0
INV-00052,CUST-023,SUB-0026,2023-04-01,49.5
INV-00053,CUST-023,SUB-0026,2023-05-01,89.1
INV-00054,CUST-023,SUB-0026,2023-07-01,89.1
INV-00055,CUST-023,SUB-0026,2023-08-01,99.0
INV-00056,CUST-023,SUB-0026,2023-09-01,89.1
INV-00057,CUST-023,SUB-0026,2023-10-01,99.0
INV-00058,CUST-023,SUB-0026,2023-11-01,49.5
INV-00059,CUST-023,SUB-0026,2023-12-01,49.5
INV-00060,CUST-023,SUB-0026,2024-02-01,84.15
INV-00061,CUST-023,SUB-0026,2024-03-01,99.0
INV-00062,CUST-023,SUB-0026,2024-05-01,99.0
INV-00063,CUST-023,SUB-0026,2024-06-01,99.0
INV-00064,CUST-023,SUB-0026,2024-07-01,89.1
INV-00065,CUST-023,SUB-0026,2024-08-01,99.0
INV-00066,CUST-023,SUB-0026,2024-09-01,99.0
INV-00067,CUST-023,SUB-0026,2024-10-01,99.0
INV-00068,CUST-023,SUB-0026,2024-11-01,99.0
INV-00069,CUST-023,SUB-0026,2024-12-01,99.0
INV-00070,CUST-023,SUB-0026,2025-01-01,89.1
INV-00071,CUST-033,SUB-0042,2023-05-01,299.0
INV-00072,CUST-033,SUB-0042,2023-06-01,299.0
INV-00073,CUST-033,SUB-0042,2023-07-01,149.5
INV-00074,CUST-033,SUB-0042,2023-08-01,149.5
INV-00075,CUST-033,SUB-0042,2023-09-01,299.0
INV-00076,CUST-033,SUB-0042,2023-10-01,299.0
INV-00077,CUST-033,SUB-0042,2023-11-01,149.5
INV-00078,CUST-033,SUB-0042,2023-12-01,269.1
INV-00079,CUST-033,SUB-0042,2024-01-01,149.5
INV-00080,CUST-033,SUB-0042,2024-02-01,299.0
INV-00081,CUST-033,SUB-0042,2024-03-01,299.0
INV-00082,CUST-033,SUB-0042,2024-04-01,149.5
INV-00083,CUST-033,SUB-0042,2024-05-01,299.0
INV-00084,CUST-015,SUB-0017,2023-04-01,99.0
INV-00085,CUST-015,SUB-0017,2023-05-01,89.1
INV-00086,CUST-015,SUB-0017,2023-06-01,84.15
INV-00087,CUST-015,SUB-0017,2023-07-01,89.1
INV-00088,CUST-015,SUB-0017,2023-08-01,99.0
INV-00089,CUST-015,SUB-0017,2023-09-01,99.0
INV-00090,CUST-015,SUB-0017,2023-10-01,99.0
INV-00091,CUST-015,SUB-0017,2023-11-01,99.0
INV-00092,CUST-015,SUB-0017,2023-12-01,89.1
INV-00093,CUST-015,SUB-0017,2024-01-01,89.1
INV-00094,CUST-015,SUB-0017,2024-03-01,99.0
INV-00095,CUST-015,SUB-0017,2024-04-01,99.0
INV-00096,CUST-015,SUB-0017,2024-05-01,84.15
INV-00097,CUST-015,SUB-0017,2024-06-01,99.0
INV-00098,CUST-015,SUB-0017,2024-07-01,89.1
INV-00099,CUST-015,SUB-0017,2024-08-01,99.0
INV-00100,CUST-015,SUB-0017,2024-09-01,99.0
INV-00101,CUST-015,SUB-0017,2024-10-01,99.0
INV-00102,CUST-015,SUB-0017,2024-11-01,99.0
INV-00103,CUST-015,SUB-0017,2024-12-01,84.15
INV-00104,CUST-015,SUB-0017,2025-01-01,49.5
INV-00105,CUST-021,SUB-0024,2023-08-01,99.0
INV-00106,CUST-021,SUB-0024,2023-09-01,99.0
INV-00107,CUST-021,SUB-0024,2023-10-01,84.15
INV-00108,CUST-021,SUB-0024,2023-11-01,99.0
INV-00109,CUST-021,SUB-0024,2024-01-01,99.0
INV-00110,CUST-021,SUB-0024,2024-02-01,99.0
INV-00111,CUST-021,SUB-0024,2024-03-01,49.5
INV-00112,CUST-021,SUB-0024,2024-04-01,89.1
INV-00113,CUST-021,SUB-0024,2024-05-01,99.0
INV-00114,CUST-021,SUB-0024,2024-06-01,84.15
INV-00115,CUST-021,SUB-0024,2024-07-01,99.0
INV-00116,CUST-001,SUB-0053,2023-03-01,254.15
INV-00117,CUST-001,SUB-0053,2023-04-01,149.5
INV-00118,CUST-001,SUB-0053,2023-05-01,269.1
INV-00119,CUST-001,SUB-0053,2023-06-01,269.1
INV-00120,CUST-001,SUB-0053,2023-07-01,254.15
INV-00121,CUST-001,SUB-0053,2023-08-01,149.5
INV-00122,CUST-001,SUB-0053,2023-09-01,299.0
INV-00123,CUST-001,SUB-0053,2023-10-01,-149.5
INV-00124,CUST-001,SUB-0053,2023-11-01,269.1
INV-00125,CUST-001,SUB-0053,2023-12-01,299.0
INV-00126,CUST-001,SUB-0053,2024-01-01,299.0
INV-00127,CUST-001,SUB-0053,2024-02-01,299.0
INV-00128,CUST-024,SUB-0028,2023-03-01,299.0
INV-00129,CUST-024,SUB-0028,2023-04-01,299.0
INV-00130,CUST-024,SUB-0028,2023-05-01,299.0
INV-00131,CUST-024,SUB-0028,2023-06-01,299.0
INV-00132,CUST-024,SUB-0028,2023-07-01,299.0
INV-00133,CUST-024,SUB-0028,2023-08-01,299.0
INV-00134,CUST-024,SUB-0028,2023-09-01,299.0
INV-00135,CUST-024,SUB-0028,2023-10-01,254.15
INV-00136,CUST-024,SUB-0028,2023-12-01,269.1
INV-00137,CUST-024,SUB-0028,2024-01-01,299.0
INV-00138,CUST-024,SUB-0028,2024-02-01,149.5
INV-00139,CUST-024,SUB-0028,2024-03-01,299.0
INV-00140,CUST-024,SUB-0028,2024-04-01,299.0
INV-00141,CUST-024,SUB-0028,2024-05-01,299.0
INV-00142,CUST-024,SUB-0028,2024-06-01,299.0
INV-00143,CUST-024,SUB-0028,2024-07-01,299.0
INV-00144,CUST-024,SUB-0028,2024-08-01,269.1
INV-00145,CUST-024,SUB-0028,2024-09-01,299.0
INV-00146,CUST-024,SUB-0028,2024-10-01,269.1
INV-00147,CUST-024,SUB-0028,2024-11-01,269.1
INV-00148,CUST-024,SUB-0028,2024-12-01,269.1
INV-00149,CUST-024,SUB-0028,2025-01-01,299.0
INV-00150,CUST-018,SUB-0020,2023-05-01,-149.5
INV-00151,CUST-018,SUB-0020,2023-06-01,149.5
INV-00152,CUST-018,SUB-0020,2023-07-01,299.0
INV-00153,CUST-018,SUB-0020,2023-08-01,269.1
INV-00154,CUST-018,SUB-0020,2023-09-01,299.0
INV-00155,CUST-012,SUB-0014,2023-04-01,799.0
INV-00156,CUST-012,SUB-0014,2023-06-01,799.0
INV-00157,CUST-012,SUB-0014,2023-07-01,-399.5
INV-00158,CUST-012,SUB-0014,2023-08-01,719.1
INV-00159,CUST-012,SUB-0014,2023-09-01,799.0
INV-00160,CUST-012,SUB-0014,2023-10-01,399.5
INV-00161,CUST-012,SUB-0014,2023-11-01,799.0
INV-00162,CUST-012,SUB-0014,2023-12-01,399.5
INV-00163,CUST-012,SUB-0014,2024-01-01,719.1
INV-00164,CUST-012,SUB-0014,2024-02-01,679.15
INV-00165,CUST-012,SUB-0014,2024-03-01,399.5
INV-00166,CUST-012,SUB-0014,2024-04-01,399.5
INV-00167,CUST-012,SUB-0014,2024-05-01,-399.5
INV-00168,CUST-012,SUB-0014,2024-06-01,799.0
INV-00169,CUST-012,SUB-0014,2024-07-01,799.0
INV-00170,CUST-012,SUB-0014,2024-08-01,679.15
INV-00171,CUST-012,SUB-0014,2024-09-01,399.5
INV-00172,CUST-012,SUB-0014,2024-10-01,799.0
INV-00173,CUST-012,SUB-0014,2024-11-01,799.0
INV-00174,CUST-012,SUB-0014,2024-12-01,399.5
INV-00175,CUST-012,SUB-0014,2025-01-01,719.1
INV-00176,CUST-019,SUB-0021,2023-07-01,269.1
INV-00177,CUST-019,SUB-0021,2023-08-01,299.0
INV-00178,CUST-019,SUB-0021,2023-09-01,299.0
INV-00179,CUST-019,SUB-0021,2023-10-01,299.0
INV-00180,CUST-019,SUB-0021,2023-11-01,269.1
INV-00181,CUST-019,SUB-0021,2023-12-01,299.0
INV-00182,CUST-019,SUB-0021,2024-01-01,299.0
INV-00183,CUST-019,SUB-0021,2024-02-01,149.5
INV-00184,CUST-019,SUB-0021,2024-03-01,299.0
INV-00185,CUST-019,SUB-0021,2024-04-01,299.0
INV-00186,CUST-019,SUB-0021,2024-05-01,269.1
INV-00187,CUST-019,SUB-0021,2024-06-01,149.5
INV-00188,CUST-019,SUB-0021,2024-07-01,254.15
INV-00189,CUST-019,SUB-0021,2024-08-01,299.0
INV-00190,CUST-019,SUB-0021,2024-09-01,269.1
INV-00191,CUST-019,SUB-0021,2024-10-01,299.0
INV-00192,CUST-019,SUB-0021,2024-11-01,299.0
INV-00193,CUST-019,SUB-0021,2024-12-01,299.0
INV-00194,CUST-019,SUB-0021,2025-01-01,299.0
INV-00195,CUST-030,SUB-0038,2023-06-01,89.1
INV-00196,CUST-030,SUB-0038,2023-07-01,99.0
INV-00197,CUST-030,SUB-0038,2023-08-01,89.1
INV-00198,CUST-030,SUB-0038,2023-09-01,84.15
INV-00199,CUST-030,SUB-0038,2023-10-01,99.0
INV-00200,CUST-030,SUB-0038,2023-11-01,49.5
INV-00201,CUST-030,SUB-0038,2023-12-01,84.15
INV-00202,CUST-030,SUB-0038,2024-01-01,99.0
INV-00203,CUST-030,SUB-0038,2024-02-01,89.1
INV-00204,CUST-030,SUB-0038,2024-03-01,99.0
INV-00205,CUST-030,SUB-0038,2024-04-01,89.1
INV-00206,CUST-030,SUB-0038,2024-05-01,99.0
INV-00207,CUST-030,SUB-0038,2024-07-01,49.5
INV-00208,CUST-030,SUB-0038,2024-08-01,84.15
INV-00209,CUST-030,SUB-0038,2024-09-01,99.0
INV-00210,CUST-030,SUB-0038,2024-10-01,49.5
INV-00211,CUST-030,SUB-0038,2024-11-01,49.5
INV-00212,CUST-030,SUB-0038,2024-12-01,99.0
INV-00213,CUST-030,SUB-0038,2025-01-01,99.0
INV-00214,CUST-017,SUB-0019,2023-09-01,99.0
INV-00215,CUST-017,SUB-0019,2023-10-01,99.0
INV-00216,CUST-017,SUB-0019,2023-12-01,99.0
INV-00217,CUST-017,SUB-0019,2024-01-01,99.0
INV-00218,CUST-017,SUB-0019,2024-02-01,99.0
INV-00219,CUST-017,SUB-0019,2024-03-01,99.0
INV-00220,CUST-017,SUB-0019,2024-04-01,49.5
INV-00221,CUST-017,SUB-0019,2024-05-01,89.1
INV-00222,CUST-017,SUB-0019,2024-06-01,49.5
INV-00223,CUST-017,SUB-0019,2024-07-01,99.0
INV-00224,CUST-017,SUB-0019,2024-08-01,49.5
INV-00225,CUST-017,SUB-0019,2024-09-01,89.1
INV-00226,CUST-006,SUB-0006,2023-09-01,99.0
INV-00227,CUST-006,SUB-0006,2023-10-01,99.0
INV-00228,CUST-006,SUB-0006,2023-11-01,99.0
INV-00229,CUST-006,SUB-0006,2023-12-01,89.1
INV-00230,CUST-006,SUB-0006,2024-01-01,99.0
INV-00231,CUST-006,SUB-0006,2024-02-01,84.15
INV-00232,CUST-006,SUB-0006,2024-03-01,84.15
INV-00233,CUST-006,SUB-0006,2024-04-01,49.5
INV-00234,CUST-006,SUB-0006,2024-05-01,99.0
INV-00235,CUST-006,SUB-0006,2024-06-01,99.0
INV-00236,CUST-006,SUB-0006,2024-07-01,99.0
INV-00237,CUST-006,SUB-0006,2024-08-01,89.1
INV-00238,CUST-006,SUB-0006,2024-09-01,99.0
INV-00239,CUST-006,SUB-0006,2024-10-01,84.15
INV-00240,CUST-006,SUB-0006,2024-11-01,89.1
INV-00241,CUST-006,SUB-0006,2024-12-01,84.15
INV-00242,CUST-006,SUB-0006,2025-01-01,99.0
INV-00243,CUST-029,SUB-0037,2024-04-01,269.1
INV-00244,CUST-029,SUB-0037,2024-05-01,299.0
INV-00245,CUST-029,SUB-0037,2024-06-01,299.0
INV-00246,CUST-029,SUB-0037,2024-07-01,299.0
INV-00247,CUST-029,SUB-0037,2024-08-01,149.5
INV-00248,CUST-029,SUB-0037,2024-09-01,299.0
INV-00249,CUST-029,SUB-0037,2024-10-01,299.0
INV-00250,CUST-029,SUB-0037,2024-11-01,299.0
INV-00251,CUST-029,SUB-0037,2024-12-01,149.5
INV-00252,CUST-029,SUB-0037,2025-01-01,299.0
INV-00253,CUST-026,SUB-0033,2023-10-01,149.5
INV-00254,CUST-026,SUB-0033,2023-11-01,299.0
INV-00255,CUST-026,SUB-0033,2023-12-01,299.0
INV-00256,CUST-026,SUB-0033,2024-01-01,299.0
INV-00257,CUST-026,SUB-0033,2024-02-01,299.0
INV-00258,CUST-026,SUB-0033,2024-03-01,254.15
INV-00259,CUST-026,SUB-0033,2024-04-01,299.0
INV-00260,CUST-026,SUB-0033,2024-05-01,299.0
INV-00261,CUST-026,SUB-0033,2024-06-01,149.5
INV-00262,CUST-026,SUB-0033,2024-07-01,269.1
INV-00263,CUST-026,SUB-0033,2024-08-01,299.0
INV-00264,CUST-026,SUB-0033,2024-09-01,299.0
INV-00265,CUST-026,SUB-0033,2024-10-01,299.0
INV-00266,CUST-026,SUB-0033,2024-11-01,269.1
INV-00267,CUST-026,SUB-0033,2024-12-01,299.0
INV-00268,CUST-026,SUB-0033,2025-01-01,299.0
INV-00269,CUST-009,SUB-0009,2023-07-01,299.0
INV-00270,CUST-009,SUB-0009,2023-08-01,254.15
INV-00271,CUST-009,SUB-0009,2023-09-01,254.15
INV-00272,CUST-009,SUB-0009,2023-10-01,254.15
INV-00273,CUST-009,SUB-0009,2023-11-01,299.0
INV-00274,CUST-009,SUB-0009,2023-12-01,149.5
INV-00275,CUST-009,SUB-0009,2024-01-01,269.1
INV-00276,CUST-009,SUB-0009,2024-02-01,299.0
INV-00277,CUST-009,SUB-0009,2024-03-01,299.0
INV-00278,CUST-009,SUB-0009,2024-04-01,299.0
INV-00279,CUST-009,SUB-0009,2024-05-01,299.0
INV-00280,CUST-009,SUB-0009,2024-06-01,149.5
INV-00281,CUST-009,SUB-0009,2024-07-01,299.0
INV-00282,CUST-039,SUB-0051,2023-07-01,679.15
INV-00283,CUST-039,SUB-0051,2023-08-01,679.15
INV-00284,CUST-039,SUB-0051,2023-09-01,799.0
INV-00285,CUST-039,SUB-0051,2023-10-01,719.1
INV-00286,CUST-039,SUB-0051,2023-11-01,799.0
INV-00287,CUST-039,SUB-0051,2023-12-01,679.15
INV-00288,CUST-039,SUB-0051,2024-01-01,719.1
INV-00289,CUST-039,SUB-0051,2024-02-01,399.5
INV-00290,CUST-039,SUB-0051,2024-03-01,799.0
INV-00291,CUST-039,SUB-0051,2024-04-01,399.5
INV-00292,CUST-039,SUB-0051,2024-05-01,679.15
INV-00293,CUST-039,SUB-0051,2024-06-01,799.0
INV-00294,CUST-039,SUB-0051,2024-07-01,799.0
INV-00295,CUST-039,SUB-0051,2024-08-01,799.0
INV-00296,CUST-039,SUB-0051,2024-10-01,399.5
INV-00297,CUST-039,SUB-0051,2024-11-01,799.0
INV-00298,CUST-039,SUB-0051,2024-12-01,799.0
INV-00299,CUST-039,SUB-0051,2025-01-01,719.1
INV-00300,CUST-011,SUB-0013,2023-07-01,299.0
INV-00301,CUST-011,SUB-0013,2023-08-01,254.15
INV-00302,CUST-011,SUB-0013,2023-09-01,299.0
INV-00303,CUST-011,SUB-0013,2023-10-01,299.0
INV-00304,CUST-011,SUB-0013,2023-11-01,269.1
INV-00305,CUST-011,SUB-0013,2023-12-01,299.0
INV-00306,CUST-011,SUB-0013,2024-01-01,299.0
INV-00307,CUST-011,SUB-0013,2024-02-01,299.0
INV-00308,CUST-011,SUB-0013,2024-04-01,269.1
INV-00309,CUST-011,SUB-0013,2024-05-01,299.0
INV-00310,CUST-011,SUB-0013,2024-06-01,299.0
INV-00311,CUST-011,SUB-0013,2024-08-01,299.0
INV-00312,CUST-011,SUB-0013,2024-09-01,254.15
INV-00313,CUST-011,SUB-0013,2024-10-01,149.5
INV-00314,CUST-011,SUB-0013,2024-11-01,269.1
INV-00315,CUST-011,SUB-0013,2024-12-01,299.0
INV-00316,CUST-011,SUB-0013,2025-01-01,299.0
INV-00317,CUST-025,SUB-0030,2023-10-01,799.0
INV-00318,CUST-025,SUB-0030,2023-12-01,799.0
INV-00319,CUST-025,SUB-0030,2024-01-01,719.1
INV-00320,CUST-025,SUB-0030,2024-02-01,799.0
INV-00321,CUST-025,SUB-0030,2024-03-01,719.1
INV-00322,CUST-025,SUB-0030,2024-04-01,719.1
INV-00323,CUST-025,SUB-0030,2024-05-01,799.0
INV-00324,CUST-025,SUB-0030,2024-06-01,679.15
INV-00325,CUST-037,SUB-0049,2023-06-01,99.0
INV-00326,CUST-037,SUB-0049,2023-07-01,99.0
INV-00327,CUST-037,SUB-0049,2023-08-01,99.0
INV-00328,CUST-037,SUB-0049,2023-09-01,99.0
INV-00329,CUST-037,SUB-0049,2023-10-01,49.5
INV-00330,CUST-037,SUB-0049,2023-11-01,49.5
INV-00331,CUST-037,SUB-0049,2023-12-01,84.15
INV-00332,CUST-037,SUB-0049,2024-01-01,84.15
INV-00333,CUST-037,SUB-0049,2024-02-01,99.0
INV-00334,CUST-037,SUB-0049,2024-03-01,99.0
INV-00335,CUST-037,SUB-0049,2024-04-01,99.0
INV-00336,CUST-037,SUB-0049,2024-05-01,99.0
INV-00337,CUST-001,SUB-0001,2023-02-01,89.1
INV-00338,CUST-001,SUB-0001,2023-03-01,49.5
INV-00339,CUST-001,SUB-0001,2023-04-01,49.5
INV-00340,CUST-001,SUB-0001,2023-05-01,89.1
INV-00341,CUST-001,SUB-0001,2023-06-01,49.5
INV-00342,CUST-001,SUB-0001,2023-07-01,49.5
INV-00343,CUST-001,SUB-0001,2023-08-01,84.15
INV-00344,CUST-001,SUB-0001,2023-09-01,99.0
INV-00345,CUST-001,SUB-0001,2023-10-01,49.5
INV-00346,CUST-001,SUB-0001,2023-11-01,84.15
INV-00347,CUST-001,SUB-0001,2023-12-01,99.0
INV-00348,CUST-001,SUB-0001,2024-01-01,84.15
INV-00349,CUST-001,SUB-0001,2024-02-01,99.0
INV-00350,CUST-001,SUB-0001,2024-03-01,99.0
INV-00351,CUST-001,SUB-0001,2024-04-01,99.0
INV-00352,CUST-001,SUB-0001,2024-05-01,84.15
INV-00353,CUST-001,SUB-0001,2024-06-01,99.0
INV-00354,CUST-001,SUB-0001,2024-07-01,84.15
INV-00355,CUST-001,SUB-0001,2024-08-01,84.15
INV-00356,CUST-001,SUB-0001,2024-09-01,99.0
INV-00357,CUST-001,SUB-0001,2024-10-01,89.1
INV-00358,CUST-001,SUB-0001,2024-11-01,99.0
INV-00359,CUST-001,SUB-0001,2024-12-01,49.5
INV-00360,CUST-001,SUB-0001,2025-01-01,99.0
INV-00361,CUST-027,SUB-0034,2023-01-01,799.0
INV-00362,CUST-027,SUB-0034,2023-02-01,799.0
INV-00363,CUST-027,SUB-0034,2023-03-01,799.0
INV-00364,CUST-027,SUB-0034,2023-04-01,799.0
INV-00365,CUST-027,SUB-0034,2023-05-01,799.0
INV-00366,CUST-027,SUB-0034,2023-06-01,799.0
INV-00367,CUST-027,SUB-0034,2023-07-01,399.5
INV-00368,CUST-027,SUB-0034,2023-09-01,799.0
INV-00369,CUST-027,SUB-0034,2023-10-01,679.15
INV-00370,CUST-027,SUB-0034,2023-11-01,399.5
INV-00371,CUST-027,SUB-0034,2023-12-01,799.0
INV-00372,CUST-027,SUB-0034,2024-01-01,799.0
INV-00373,CUST-027,SUB-0034,2024-02-01,719.1
INV-00374,CUST-027,SUB-0034,2024-03-01,399.5
INV-00375,CUST-027,SUB-0034,2024-04-01,799.0
INV-00376,CUST-027,SUB-0034,2024-05-01,399.5
INV-00377,CUST-027,SUB-0034,2024-06-01,679.15
INV-00378,CUST-027,SUB-0034,2024-07-01,799.0
INV-00379,CUST-027,SUB-0034,2024-08-01,719.1
INV-00380,CUST-027,SUB-0034,2024-09-01,399.5
INV-00381,CUST-027,SUB-0034,2024-10-01,799.0
INV-00382,CUST-027,SUB-0034,2024-11-01,679.15
INV-00383,CUST-027,SUB-0034,2024-12-01,679.15
INV-00384,CUST-027,SUB-0034,2025-01-01,399.5
INV-00385,CUST-025,SUB-0032,2024-03-01,679.15
INV-00386,CUST-025,SUB-0032,2024-04-01,799.0
INV-00387,CUST-025,SUB-0032,2024-05-01,799.0
INV-00388,CUST-025,SUB-0032,2024-06-01,799.0
INV-00389,CUST-025,SUB-0032,2024-07-01,799.0
INV-00390,CUST-025,SUB-0032,2024-08-01,799.0
INV-00391,CUST-025,SUB-0032,2024-09-01,399.5
INV-00392,CUST-025,SUB-0032,2024-10-01,399.5
INV-00393,CUST-025,SUB-0032,2024-11-01,399.5
INV-00394,CUST-025,SUB-0032,2024-12-01,-399.5
INV-00395,CUST-025,SUB-0032,2025-01-01,799.0
INV-00396,CUST-035,SUB-0047,2023-06-01,99.0
INV-00397,CUST-035,SUB-0047,2023-07-01,49.5
INV-00398,CUST-035,SUB-0047,2023-08-01,99.0
INV-00399,CUST-035,SUB-0047,2023-09-01,84.15
INV-00400,CUST-035,SUB-0047,2023-10-01,-49.5
INV-00401,CUST-035,SUB-0047,2023-11-01,84.15
INV-00402,CUST-035,SUB-0047,2023-12-01,99.0
INV-00403,CUST-035,SUB-0047,2024-01-01,99.0
INV-00404,CUST-035,SUB-0047,2024-02-01,99.0
INV-00405,CUST-035,SUB-0047,2024-03-01,99.0
INV-00406,CUST-035,SUB-0047,2024-04-01,49.5
INV-00407,CUST-035,SUB-0047,2024-05-01,89.1
INV-00408,CUST-035,SUB-0047,2024-06-01,89.1
INV-00409,CUST-035,SUB-0047,2024-07-01,99.0
INV-00410,CUST-035,SUB-0047,2024-08-01,99.0
INV-00411,CUST-035,SUB-0047,2024-09-01,49.5
INV-00412,CUST-035,SUB-0047,2024-11-01,84.15
INV-00413,CUST-035,SUB-0047,2024-12-01,49.5
INV-00414,CUST-035,SUB-0047,2025-01-01,99.0
INV-00415,CUST-032,SUB-0041,2023-05-01,799.0
INV-00416,CUST-032,SUB-0041,2023-08-01,799.0
INV-00417,CUST-032,SUB-0041,2023-09-01,799.0
INV-00418,CUST-032,SUB-0041,2023-10-01,679.15
INV-00419,CUST-032,SUB-0041,2023-11-01,799.0
INV-00420,CUST-032,SUB-0041,2024-01-01,799.0
INV-00421,CUST-032,SUB-0041,2024-02-01,799.0
INV-00422,CUST-013,SUB-0015,2023-07-01,269.1
INV-00423,CUST-013,SUB-0015,2023-08-01,299.0
INV-00424,CUST-013,SUB-0015,2023-09-01,149.5
INV-00425,CUST-013,SUB-0015,2023-10-01,299.0
INV-00426,CUST-013,SUB-0015,2023-11-01,149.5
INV-00427,CUST-013,SUB-0015,2023-12-01,299.0
INV-00428,CUST-013,SUB-0015,2024-01-01,299.0
INV-00429,CUST-013,SUB-0015,2024-02-01,299.0
INV-00430,CUST-013,SUB-0015,2024-03-01,299.0
INV-00431,CUST-013,SUB-0015,2024-04-01,254.15
INV-00432,CUST-013,SUB-0015,2024-05-01,149.5
INV-00433,CUST-013,SUB-0015,2024-06-01,299.0
INV-00434,CUST-013,SUB-0015,2024-07-01,299.0
INV-00435,CUST-013,SUB-0015,2024-08-01,299.0
INV-00436,CUST-013,SUB-0015,2024-10-01,299.0
INV-00437,CUST-013,SUB-0015,2024-11-01,299.0
INV-00438,CUST-013,SUB-0015,2024-12-01,254.15
INV-00439,CUST-013,SUB-0015,2025-01-01,299.0
INV-00440,CUST-031,SUB-0039,2023-06-01,254.15
INV-00441,CUST-031,SUB-0039,2023-07-01,299.0
INV-00442,CUST-031,SUB-0039,2023-09-01,299.0
INV-00443,CUST-031,SUB-0039,2023-10-01,254.15
INV-00444,CUST-031,SUB-0039,2023-11-01,299.0
INV-00445,CUST-031,SUB-0039,2023-12-01,299.0
INV-00446,CUST-031,SUB-0039,2024-01-01,299.0
INV-00447,CUST-031,SUB-0039,2024-02-01,269.1
INV-00448,CUST-031,SUB-0039,2024-03-01,299.0
INV-00449,CUST-031,SUB-0039,2024-04-01,299.0
INV-00450,CUST-031,SUB-0039,2024-05-01,254.15
INV-00451,CUST-031,SUB-0039,2024-06-01,149.5
INV-00452,CUST-031,SUB-0039,2024-07-01,299.0
INV-00453,CUST-031,SUB-0039,2024-08-01,254.15
INV-00454,CUST-031,SUB-0039,2024-09-01,149.5
INV-00455,CUST-031,SUB-0039,2024-10-01,299.0
INV-00456,CUST-031,SUB-0039,2024-11-01,269.1
INV-00457,CUST-031,SUB-0039,2024-12-01,254.15
INV-00458,CUST-031,SUB-0039,2025-01-01,269.1
INV-00459,CUST-028,SUB-0035,2023-02-01,679.15
INV-00460,CUST-028,SUB-0035,2023-03-01,679.15
INV-00461,CUST-028,SUB-0035,2023-04-01,799.0
INV-00462,CUST-028,SUB-0035,2023-05-01,679.15
INV-00463,CUST-028,SUB-0035,2023-06-01,399.5
INV-00464,CUST-028,SUB-0035,2023-07-01,399.5
INV-00465,CUST-028,SUB-0035,2023-08-01,399.5
INV-00466,CUST-028,SUB-0035,2023-09-01,799.0
INV-00467,CUST-028,SUB-0035,2023-10-01,799.0
INV-00468,CUST-028,SUB-0035,2023-11-01,679.15
INV-00469,CUST-028,SUB-0035,2023-12-01,799.0
INV-00470,CUST-028,SUB-0035,2024-01-01,799.0
INV-00471,CUST-028,SUB-0035,2024-02-01,679.15
INV-00472,CUST-028,SUB-0035,2024-03-01,679.15
INV-00473,CUST-028,SUB-0035,2024-04-01,799.0
INV-00474,CUST-028,SUB-0035,2024-05-01,799.0
INV-00475,CUST-028,SUB-0035,2024-06-01,399.5
INV-00476,CUST-028,SUB-0035,2024-07-01,799.0
INV-00477,CUST-028,SUB-0035,2024-08-01,799.0
INV-00478,CUST-028,SUB-0035,2024-10-01,799.0
INV-00479,CUST-028,SUB-0035,2024-11-01,799.0
INV-00480,CUST-028,SUB-0035,2024-12-01,799.0
INV-00481,CUST-028,SUB-0035,2025-01-01,799.0
INV-00482,CUST-008,SUB-0008,2023-09-01,89.1
INV-00483,CUST-008,SUB-0008,2023-10-01,99.0
INV-00484,CUST-008,SUB-0008,2023-11-01,99.0
INV-00485,CUST-008,SUB-0008,2023-12-01,89.1
INV-00486,CUST-008,SUB-0008,2024-01-01,84.15
INV-00487,CUST-008,SUB-0008,2024-02-01,99.0
INV-00488,CUST-008,SUB-0008,2024-03-01,99.0
INV-00489,CUST-008,SUB-0008,2024-04-01,49.5
INV-00490,CUST-008,SUB-0008,2024-05-01,49.5
INV-00491,CUST-008,SUB-0008,2024-06-01,84.15
INV-00492,CUST-008,SUB-0008,2024-07-01,99.0
INV-00493,CUST-008,SUB-0008,2024-08-01,89.1
INV-00494,CUST-008,SUB-0008,2024-09-01,99.0
INV-00495,CUST-008,SUB-0008,2024-10-01,99.0
INV-00496,CUST-008,SUB-0008,2024-11-01,99.0
INV-00497,CUST-008,SUB-0008,2024-12-01,49.5
INV-00498,CUST-025,SUB-0031,2023-12-01,99.0
INV-00499,CUST-025,SUB-0031,2024-01-01,99.0
INV-00500,CUST-025,SUB-0031,2024-02-01,99.0
INV-00501,CUST-025,SUB-0031,2024-03-01,99.0
INV-00502,CUST-025,SUB-0031,2024-04-01,89.1
INV-00503,CUST-025,SUB-0031,2024-05-01,99.0
INV-00504,CUST-025,SUB-0031,2024-06-01,84.15
INV-00505,CUST-025,SUB-0031,2024-07-01,89.1
INV-00506,CUST-025,SUB-0031,2024-08-01,84.15
INV-00507,CUST-025,SUB-0031,2024-09-01,99.0
INV-00508,CUST-025,SUB-0031,2024-11-01,99.0
INV-00509,CUST-025,SUB-0031,2024-12-01,84.15
INV-00510,CUST-025,SUB-0031,2025-01-01,84.15
INV-00511,CUST-003,SUB-0003,2023-05-01,799.0
INV-00512,CUST-003,SUB-0003,2023-06-01,799.0
INV-00513,CUST-003,SUB-0003,2023-07-01,679.15
INV-00514,CUST-003,SUB-0003,2023-08-01,799.0
INV-00515,CUST-003,SUB-0003,2023-09-01,799.0
INV-00516,CUST-003,SUB-0003,2023-10-01,719.1
INV-00517,CUST-003,SUB-0003,2023-11-01,799.0
INV-00518,CUST-003,SUB-0003,2023-12-01,679.15
INV-00519,CUST-003,SUB-0003,2024-01-01,399.5
INV-00520,CUST-003,SUB-0003,2024-02-01,799.0
INV-00521,CUST-003,SUB-0003,2024-03-01,799.0
INV-00522,CUST-003,SUB-0003,2024-04-01,399.5
INV-00523,CUST-003,SUB-0003,2024-05-01,799.0
INV-00524,CUST-003,SUB-0003,2024-06-01,-399.5
INV-00525,CUST-003,SUB-0003,2024-07-01,799.0
INV-00526,CUST-003,SUB-0003,2024-08-01,799.0
INV-00527,CUST-003,SUB-0003,2024-09-01,719.1
INV-00528,CUST-003,SUB-0003,2024-10-01,799.0
INV-00529,CUST-003,SUB-0003,2024-11-01,679.15
INV-00530,CUST-003,SUB-0003,2024-12-01,679.15
INV-00531,CUST-003,SUB-0003,2025-01-01,719.1
INV-00532,CUST-022,SUB-0025,2023-02-01,299.0
INV-00533,CUST-022,SUB-0025,2023-03-01,299.0
INV-00534,CUST-022,SUB-0025,2023-04-01,254.15
INV-00535,CUST-022,SUB-0025,2023-05-01,299.0
INV-00536,CUST-022,SUB-0025,2023-06-01,299.0
INV-00537,CUST-022,SUB-0025,2023-07-01,299.0
INV-00538,CUST-022,SUB-0025,2023-08-01,299.0
INV-00539,CUST-022,SUB-0025,2023-09-01,299.0
INV-00540,CUST-022,SUB-0025,2023-10-01,299.0
INV-00541,CUST-022,SUB-0025,2023-11-01,269.1
INV-00542,CUST-022,SUB-0025,2023-12-01,149.5
INV-00543,CUST-022,SUB-0025,2024-01-01,299.0
INV-00544,CUST-022,SUB-0025,2024-02-01,299.0
INV-00545,CUST-001,SUB-0054,2024-02-01,799.0
INV-00546,CUST-001,SUB-0054,2024-03-01,679.15
INV-00547,CUST-001,SUB-0054,2024-04-01,679.15
INV-00548,CUST-001,SUB-0054,2024-05-01,799.0
INV-00549,CUST-001,SUB-0054,2024-06-01,799.0
INV-00550,CUST-001,SUB-0054,2024-07-01,799.0
INV-00551,CUST-001,SUB-0054,2024-08-01,399.5
INV-00552,CUST-001,SUB-0054,2024-09-01,799.0
INV-00553,CUST-001,SUB-0054,2024-10-01,719.1
INV-00554,CUST-001,SUB-0054,2024-11-01,799.0
INV-00555,CUST-001,SUB-0054,2024-12-01,399.5
INV-00556,CUST-001,SUB-0054,2025-01-01,679.15
INV-00557,CUST-034,SUB-0045,2023-12-01,99.0
INV-00558,CUST-034,SUB-0045,2024-01-01,49.5
INV-00559,CUST-034,SUB-0045,2024-02-01,49.5
INV-00560,CUST-034,SUB-0045,2024-03-01,99.0
INV-00561,CUST-034,SUB-0045,2024-05-01,84.15
INV-00562,CUST-034,SUB-0045,2024-06-01,99.0
INV-00563,CUST-034,SUB-0045,2024-07-01,84.15
INV-00564,CUST-034,SUB-0045,2024-08-01,99.0
INV-00565,CUST-034,SUB-0045,2024-09-01,99.0
INV-00566,CUST-034,SUB-0045,2024-10-01,99.0
INV-00567,CUST-034,SUB-0045,2024-12-01,99.0
INV-00568,CUST-034,SUB-0045,2025-01-01,49.5
INV-00569,CUST-016,SUB-0018,2023-02-01,99.0
INV-00570,CUST-016,SUB-0018,2023-03-01,84.15
INV-00571,CUST-016,SUB-0018,2023-04-01,99.0
INV-00572,CUST-016,SUB-0018,2023-05-01,-49.5
INV-00573,CUST-016,SUB-0018,2023-06-01,89.1
INV-00574,CUST-016,SUB-0018,2023-07-01,99.0
INV-00575,CUST-016,SUB-0018,2023-08-01,99.0
INV-00576,CUST-016,SUB-0018,2023-09-01,99.0
INV-00577,CUST-034,SUB-0046,2024-04-01,799.0
INV-00578,CUST-034,SUB-0046,2024-05-01,799.0
INV-00579,CUST-034,SUB-0046,2024-06-01,799.0
INV-00580,CUST-034,SUB-0046,2024-07-01,679.15
INV-00581,CUST-034,SUB-0046,2024-08-01,719.1
INV-00582,CUST-034,SUB-0046,2024-09-01,679.15
INV-00583,CUST-034,SUB-0046,2024-10-01,719.1
INV-00584,CUST-034,SUB-0046,2024-11-01,399.5
INV-00585,CUST-034,SUB-0046,2024-12-01,399.5
INV-00586,CUST-034,SUB-0046,2025-01-01,679.15
INV-00587,CUST-004,SUB-0004,2023-10-01,299.0
INV-00588,CUST-004,SUB-0004,2023-11-01,149.5
INV-00589,CUST-004,SUB-0004,2023-12-01,254.15
INV-00590,CUST-004,SUB-0004,2024-01-01,149.5
INV-00591,CUST-004,SUB-0004,2024-02-01,299.0
INV-00592,CUST-004,SUB-0004,2024-03-01,254.15
INV-00593,CUST-004,SUB-0004,2024-04-01,299.0
INV-00594,CUST-004,SUB-0004,2024-05-01,299.0
INV-00595,CUST-004,SUB-0004,2024-06-01,299.0
INV-00596,CUST-004,SUB-0004,2024-08-01,299.0
INV-00597,CUST-020,SUB-0022,2023-02-01,99.0
INV-00598,CUST-020,SUB-0022,2023-03-01,99.0
INV-00599,CUST-020,SUB-0022,2023-05-01,89.1
INV-00600,CUST-020,SUB-0022,2023-06-01,99.0
INV-00601,CUST-020,SUB-0022,2023-07-01,89.1
INV-00602,CUST-020,SUB-0022,2023-08-01,89.1
INV-00603,CUST-020,SUB-0022,2023-09-01,89.1
INV-00604,CUST-020,SUB-0022,2023-10-01,49.5
INV-00605,CUST-020,SUB-0022,2023-11-01,99.0
INV-00606,CUST-020,SUB-0022,2023-12-01,89.1
INV-00607,CUST-020,SUB-0022,2024-01-01,99.0
INV-00608,CUST-020,SUB-0022,2024-02-01,99.0
INV-00609,CUST-020,SUB-0022,2024-03-01,89.1
INV-00610,CUST-020,SUB-0022,2024-04-01,99.0
INV-00611,CUST-020,SUB-0022,2024-05-01,99.0
INV-00612,CUST-020,SUB-0022,2024-07-01,99.0
INV-00613,CUST-020,SUB-0022,2024-08-01,99.0
INV-00614,CUST-020,SUB-0022,2024-10-01,84.15
INV-00615,CUST-020,SUB-0022,2024-11-01,99.0
INV-00616,CUST-020,SUB-0022,2024-12-01,99.0
INV-00617,CUST-020,SUB-0022,2025-01-01,49.5
INV-00618,CUST-034,SUB-0044,2023-09-01,99.0
INV-00619,CUST-034,SUB-0044,2023-10-01,84.15
INV-00620,CUST-034,SUB-0044,2023-11-01,99.0
INV-00621,CUST-034,SUB-0044,2023-12-01,99.0
INV-00622,CUST-034,SUB-0044,2024-01-01,89.1
INV-00623,CUST-034,SUB-0044,2024-02-01,84.15
INV-00624,CUST-034,SUB-0044,2024-03-01,99.0
INV-00625,CUST-034,SUB-0044,2024-04-01,99.0
INV-00626,CUST-034,SUB-0044,2024-05-01,99.0
INV-00627,CUST-034,SUB-0044,2024-06-01,99.0
INV-00628,CUST-034,SUB-0044,2024-07-01,89.1
INV-00629,CUST-034,SUB-0044,2024-08-01,99.0
INV-00630,CUST-034,SUB-0044,2024-09-01,99.0
INV-00631,CUST-034,SUB-0044,2024-10-01,99.0
INV-00632,CUST-034,SUB-0044,2024-11-01,84.15
INV-00633,CUST-034,SUB-0044,2024-12-01,99.0
INV-00634,CUST-034,SUB-0044,2025-01-01,89.1
INV-00635,CUST-002,SUB-0002,2023-02-01,299.0
INV-00636,CUST-002,SUB-0002,2023-03-01,269.1
INV-00637,CUST-002,SUB-0002,2023-04-01,149.5
INV-00638,CUST-002,SUB-0002,2023-05-01,254.15
INV-00639,CUST-002,SUB-0002,2023-06-01,269.1
INV-00640,CUST-002,SUB-0002,2023-07-01,-149.5
INV-00641,CUST-002,SUB-0002,2023-08-01,299.0
INV-00642,CUST-002,SUB-0002,2023-09-01,149.5
INV-00643,CUST-002,SUB-0002,2023-10-01,254.15
INV-00644,CUST-002,SUB-0002,2023-11-01,299.0
INV-00645,CUST-002,SUB-0002,2023-12-01,269.1
INV-00646,CUST-002,SUB-0002,2024-01-01,299.0
INV-00647,CUST-002,SUB-0002,2024-02-01,269.1
INV-00648,CUST-002,SUB-0002,2024-03-01,299.0
INV-00649,CUST-002,SUB-0002,2024-04-01,299.0
INV-00650,CUST-002,SUB-0002,2024-05-01,254.15
INV-00651,CUST-002,SUB-0002,2024-06-01,299.0
INV-00652,CUST-002,SUB-0002,2024-07-01,254.15
INV-00653,CUST-002,SUB-0002,2024-08-01,299.0
INV-00654,CUST-002,SUB-0002,2024-09-01,149.5
INV-00655,CUST-002,SUB-0002,2024-10-01,299.0
INV-00656,CUST-002,SUB-0002,2024-11-01,269.1
INV-00657,CUST-002,SUB-0002,2024-12-01,269.1
INV-00658,CUST-002,SUB-0002,2025-01-01,299.0
INV-00659,CUST-040,SUB-0052,2023-07-01,89.1
INV-00660,CUST-040,SUB-0052,2023-08-01,99.0
INV-00661,CUST-040,SUB-0052,2023-09-01,49.5
INV-00662,CUST-040,SUB-0052,2023-11-01,99.0
INV-00663,CUST-040,SUB-0052,2023-12-01,99.0
INV-00664,CUST-040,SUB-0052,2024-01-01,99.0
INV-00665,CUST-040,SUB-0052,2024-02-01,84.15
INV-00666,CUST-011,SUB-0012,2023-03-01,-149.5
INV-00667,CUST-011,SUB-0012,2023-04-01,-149.5
INV-00668,CUST-011,SUB-0012,2023-05-01,254.15
INV-00669,CUST-011,SUB-0012,2023-07-01,149.5
INV-00670,CUST-011,SUB-0012,2023-08-01,299.0
INV-00671,CUST-011,SUB-0012,2023-09-01,299.0
INV-00672,CUST-011,SUB-0012,2023-10-01,299.0
INV-00673,CUST-011,SUB-0012,2023-11-01,269.1
INV-00674,CUST-011,SUB-0012,2023-12-01,269.1
INV-00675,CUST-011,SUB-0012,2024-01-01,299.0
INV-00676,CUST-011,SUB-0012,2024-02-01,299.0
INV-00677,CUST-011,SUB-0012,2024-04-01,269.1
INV-00678,CUST-011,SUB-0012,2024-05-01,299.0
INV-00679,CUST-011,SUB-0012,2024-06-01,299.0
INV-00680,CUST-011,SUB-0012,2024-07-01,149.5
INV-00681,CUST-011,SUB-0012,2024-08-01,299.0
INV-00682,CUST-011,SUB-0012,2024-09-01,299.0
INV-00683,CUST-011,SUB-0012,2024-10-01,254.15
INV-00684,CUST-011,SUB-0012,2024-11-01,299.0
INV-00685,CUST-011,SUB-0012,2024-12-01,254.15
INV-00686,CUST-011,SUB-0012,2025-01-01,149.5
INV-00687,CUST-010,SUB-0011,2023-05-01,679.15
INV-00688,CUST-010,SUB-0011,2023-06-01,399.5
INV-00689,CUST-010,SUB-0011,2023-07-01,799.0
INV-00690,CUST-010,SUB-0011,2023-08-01,399.5
INV-00691,CUST-010,SUB-0011,2023-09-01,799.0
INV-00692,CUST-010,SUB-0011,2023-10-01,399.5
INV-00693,CUST-010,SUB-0011,2023-11-01,679.15
INV-00694,CUST-010,SUB-0011,2023-12-01,799.0
INV-00695,CUST-010,SUB-0011,2024-01-01,799.0
INV-00696,CUST-010,SUB-0011,2024-02-01,679.15
INV-00697,CUST-010,SUB-0011,2024-03-01,799.0
INV-00698,CUST-010,SUB-0011,2024-04-01,719.1
INV-00699,CUST-014,SUB-0016,2023-02-01,269.1
INV-00700,CUST-014,SUB-0016,2023-03-01,299.0
INV-00701,CUST-014,SUB-0016,2023-04-01,299.0
INV-00702,CUST-014,SUB-0016,2023-05-01,299.0
INV-00703,CUST-014,SUB-0016,2023-06-01,149.5
INV-00704,CUST-014,SUB-0016,2023-07-01,299.0
INV-00705,CUST-014,SUB-0016,2023-08-01,299.0
INV-00706,CUST-014,SUB-0016,2023-09-01,299.0
INV-00707,CUST-014,SUB-0016,2023-10-01,269.1
INV-00708,CUST-014,SUB-0016,2023-12-01,299.0
INV-00709,CUST-014,SUB-0016,2024-01-01,149.5
INV-00710,CUST-014,SUB-0016,2024-02-01,299.0
INV-00711,CUST-014,SUB-0016,2024-03-01,299.0
INV-00712,CUST-014,SUB-0016,2024-04-01,299.0
INV-00713,CUST-014,SUB-0016,2024-05-01,269.1
INV-00714,CUST-014,SUB-0016,2024-06-01,299.0
INV-00715,CUST-014,SUB-0016,2024-07-01,269.1
INV-00716,CUST-014,SUB-0016,2024-08-01,149.5
INV-00717,CUST-014,SUB-0016,2024-09-01,299.0
INV-00718,CUST-014,SUB-0016,2024-10-01,254.15
INV-00719,CUST-014,SUB-0016,2024-12-01,269.1
INV-00720,CUST-014,SUB-0016,2025-01-01,149.5
INV-00721,CUST-010,SUB-0010,2023-02-01,719.1
INV-00722,CUST-010,SUB-0010,2023-03-01,679.15
INV-00723,CUST-010,SUB-0010,2023-04-01,799.0
INV-00724,CUST-010,SUB-0010,2023-05-01,719.1
INV-00725,CUST-010,SUB-0010,2023-06-01,799.0
INV-00726,CUST-010,SUB-0010,2023-07-01,399.5
INV-00727,CUST-010,SUB-0010,2023-08-01,399.5
INV-00728,CUST-010,SUB-0010,2023-09-01,679.15
INV-00729,CUST-010,SUB-0010,2023-10-01,799.0
INV-00730,CUST-010,SUB-0010,2023-11-01,799.0
INV-00731,CUST-010,SUB-0010,2023-12-01,719.1
INV-00732,CUST-010,SUB-0010,2024-01-01,799.0
INV-00733,CUST-010,SUB-0010,2024-02-01,719.1
INV-00734,CUST-010,SUB-0010,2024-03-01,799.0
INV-00735,CUST-010,SUB-0010,2024-04-01,799.0
INV-00736,CUST-010,SUB-0010,2024-05-01,719.1
INV-00737,CUST-010,SUB-0010,2024-06-01,719.1
INV-00738,CUST-010,SUB-0010,2024-07-01,399.5
INV-00739,CUST-010,SUB-0010,2024-08-01,399.5
INV-00740,CUST-010,SUB-0010,2024-09-01,399.5
INV-00741,CUST-010,SUB-0010,2024-10-01,799.0
INV-00742,CUST-010,SUB-0010,2024-11-01,799.0
INV-00743,CUST-010,SUB-0010,2024-12-01,799.0
INV-00744,CUST-010,SUB-0010,2025-01-01,799.0
INV-00745,CUST-036,SUB-0048,2023-01-01,-49.5
INV-00746,CUST-036,SUB-0048,2023-02-01,99.0
INV-00747,CUST-036,SUB-0048,2023-03-01,84.15
INV-00748,CUST-036,SUB-0048,2023-04-01,89.1
INV-00749,CUST-036,SUB-0048,2023-05-01,99.0
INV-00750,CUST-036,SUB-0048,2023-06-01,99.0
INV-00751,CUST-036,SUB-0048,2023-07-01,99.0
INV-00752,CUST-036,SUB-0048,2023-08-01,99.0
INV-00753,CUST-036,SUB-0048,2023-09-01,99.0
INV-00754,CUST-036,SUB-0048,2023-10-01,99.0
INV-00755,CUST-036,SUB-0048,2023-11-01,99.0
INV-00756,CUST-036,SUB-0048,2023-12-01,99.0
INV-00757,CUST-036,SUB-0048,2024-01-01,99.0
INV-00758,CUST-036,SUB-0048,2024-02-01,99.0
INV-00759,CUST-036,SUB-0048,2024-03-01,99.0
INV-00760,CUST-036,SUB-0048,2024-04-01,99.0
INV-00761,CUST-036,SUB-0048,2024-05-01,89.1
INV-00762,CUST-036,SUB-0048,2024-06-01,99.0
INV-00763,CUST-036,SUB-0048,2024-08-01,84.15
INV-00764,CUST-036,SUB-0048,2024-09-01,89.1
INV-00765,CUST-036,SUB-0048,2024-10-01,99.0
INV-00766,CUST-036,SUB-0048,2024-11-01,49.5
INV-00767,CUST-036,SUB-0048,2024-12-01,49.5
INV-00768,CUST-036,SUB-0048,2025-01-01,99.0
INV-00769,CUST-032,SUB-0040,2023-01-01,149.5
INV-00770,CUST-032,SUB-0040,2023-02-01,299.0
INV-00771,CUST-032,SUB-0040,2023-03-01,254.15
INV-00772,CUST-032,SUB-0040,2023-04-01,269.1
INV-00773,CUST-032,SUB-0040,2023-05-01,299.0
INV-00774,CUST-032,SUB-0040,2023-06-01,254.15
INV-00775,CUST-032,SUB-0040,2023-07-01,299.0
INV-00776,CUST-023,SUB-0027,2023-06-01,299.0
INV-00777,CUST-023,SUB-0027,2023-07-01,269.1
INV-00778,CUST-023,SUB-0027,2023-08-01,269.1
INV-00779,CUST-023,SUB-0027,2023-09-01,299.0
INV-00780,CUST-023,SUB-0027,2023-10-01,299.0
INV-00781,CUST-023,SUB-0027,2023-11-01,299.0
INV-00782,CUST-023,SUB-0027,2023-12-01,254.15
INV-00783,CUST-023,SUB-0027,2024-01-01,299.0
INV-00784,CUST-023,SUB-0027,2024-02-01,269.1
INV-00785,CUST-023,SUB-0027,2024-03-01,269.1
INV-00786,CUST-023,SUB-0027,2024-04-01,299.0
INV-00787,CUST-023,SUB-0027,2024-05-01,299.0
INV-00788,CUST-023,SUB-0027,2024-06-01,299.0
INV-00789,CUST-023,SUB-0027,2024-07-01,254.15
INV-00790,CUST-023,SUB-0027,2024-08-01,254.15
INV-00791,CUST-023,SUB-0027,2024-09-01,254.15
INV-00792,CUST-023,SUB-0027,2024-10-01,299.0
INV-00793,CUST-023,SUB-0027,2024-11-01,299.0
INV-00794,CUST-023,SUB-0027,2024-12-01,149.5
INV-00795,CUST-023,SUB-0027,2025-01-01,269.1
INV-00796,CUST-029,SUB-0036,2023-10-01,49.5
INV-00797,CUST-029,SUB-0036,2023-11-01,99.0
INV-00798,CUST-029,SUB-0036,2023-12-01,49.5
INV-00799,CUST-029,SUB-0036,2024-01-01,99.0
INV-00800,CUST-029,SUB-0036,2024-02-01,49.5
INV-00801,CUST-029,SUB-0036,2024-03-01,49.5
INV-00802,CUST-029,SUB-0036,2024-04-01,99.0
INV-00803,CUST-029,SUB-0036,2024-05-01,49.5
INV-00804,CUST-029,SUB-0036,2024-06-01,99.0
INV-00805,CUST-029,SUB-0036,2024-07-01,99.0
INV-00806,CUST-029,SUB-0036,2024-08-01,99.0
INV-00807,CUST-029,SUB-0036,2024-09-01,84.15
INV-00808,CUST-029,SUB-0036,2024-10-01,99.0
INV-00809,CUST-029,SUB-0036,2024-11-01,89.1
INV-00810,CUST-029,SUB-0036,2024-12-01,49.5
INV-00811,CUST-029,SUB-0036,2025-01-01,99.0
INV-00812,CUST-038,SUB-0050,2023-08-01,399.5
INV-00813,CUST-038,SUB-0050,2023-09-01,719.1
INV-00814,CUST-038,SUB-0050,2023-10-01,799.0
INV-00815,CUST-038,SUB-0050,2023-11-01,799.0
INV-00816,CUST-038,SUB-0050,2023-12-01,799.0
INV-00817,CUST-038,SUB-0050,2024-01-01,799.0
INV-00818,CUST-021,SUB-0023,2023-02-01,-49.5
INV-00819,CUST-021,SUB-0023,2023-03-01,49.5
INV-00820,CUST-021,SUB-0023,2023-04-01,89.1
INV-00821,CUST-021,SUB-0023,2023-05-01,49.5
INV-00822,CUST-021,SUB-0023,2023-06-01,99.0
INV-00823,CUST-021,SUB-0023,2023-07-01,89.1
INV-00824,CUST-021,SUB-0023,2023-08-01,99.0
INV-00825,CUST-021,SUB-0023,2023-09-01,49.5
INV-00826,CUST-021,SUB-0023,2023-10-01,99.0
INV-00827,CUST-021,SUB-0023,2023-11-01,99.0
INV-00828,CUST-021,SUB-0023,2023-12-01,99.0
INV-00829,CUST-007,SUB-0007,2023-04-01,89.1
INV-00830,CUST-007,SUB-0007,2023-05-01,99.0
INV-00831,CUST-007,SUB-0007,2023-06-01,49.5
INV-00832,CUST-007,SUB-0007,2023-07-01,99.0
INV-00833,CUST-007,SUB-0007,2023-08-01,99.0
INV-00834,CUST-007,SUB-0007,2023-09-01,89.1
INV-00835,CUST-007,SUB-0007,2023-10-01,49.5
INV-00836,CUST-007,SUB-0007,2023-11-01,99.0
INV-00837,CUST-007,SUB-0007,2023-12-01,99.0
INV-00838,CUST-007,SUB-0007,2024-01-01,-49.5
INV-00839,CUST-007,SUB-0007,2024-02-01,99.0
INV-00840,CUST-007,SUB-0007,2024-03-01,89.1
INV-00841,CUST-007,SUB-0007,2024-04-01,99.0
INV-00842,CUST-007,SUB-0007,2024-05-01,99.0
INV-00843,CUST-007,SUB-0007,2024-06-01,99.0
INV-00844,CUST-007,SUB-0007,2024-07-01,49.5
INV-00845,CUST-007,SUB-0007,2024-08-01,99.0
INV-00846,CUST-007,SUB-0007,2024-09-01,99.0
INV-00847,CUST-007,SUB-0007,2024-10-01,99.0
INV-00848,CUST-007,SUB-0007,2024-11-01,99.0
INV-00849,CUST-007,SUB-0007,2024-12-01,89.1
INV-00850,CUST-007,SUB-0007,2025-01-01,99.0
INV-00851,CUST-033,SUB-0043,2023-09-01,799.0
INV-00852,CUST-033,SUB-0043,2023-10-01,799.0
INV-00853,CUST-033,SUB-0043,2023-11-01,799.0
INV-00854,CUST-033,SUB-0043,2023-12-01,679.15
INV-00855,CUST-033,SUB-0043,2024-02-01,399.5
INV-00856,CUST-033,SUB-0043,2024-03-01,679.15
INV-00857,CUST-033,SUB-0043,2024-04-01,719.1
INV-00858,CUST-033,SUB-0043,2024-05-01,399.5
INV-00859,CUST-033,SUB-0043,2024-06-01,799.0
INV-00860,CUST-033,SUB-0043,2024-07-01,799.0
INV-00861,CUST-033,SUB-0043,2024-08-01,799.0
INV-00862,CUST-033,SUB-0043,2024-09-01,399.5
INV-00863,CUST-033,SUB-0043,2024-10-01,679.15
INV-00864,CUST-033,SUB-0043,2024-11-01,399.5
INV-00865,CUST-033,SUB-0043,2024-12-01,799.0
INV-00866,CUST-033,SUB-0043,2025-01-01,799.0
INV-00011,CUST-005,SUB-0005,2024-01-01,719.1
